<!DOCTYPE mapper
        PUBLIC "-//mybatis.org//DTD Mapper 3.0//EN"
        "http://mybatis.org/dtd/mybatis-3-mapper.dtd">

<mapper namespace="operatorConfig">
    <resultMap type="com.project.entity.OperatorConfig" id="operatorConfig">
        <id column="id" property="id"/>
        <result column="createDate" property="createDate"></result>
        <result column="departmentId" property="departmentId"></result>
        <result column="operatorId" property="operatorId"></result>
        <result column="updateDate" property="updateDate"></result>
        <result column="groupConfig" property="groupConfig"></result>
        <result column="messageConfig" property="messageConfig"></result>
        <association property="operator" javaType="com.project.entity.permission.Operator">
            <id column="operatorId" property="id"></id>
        </association>
    </resultMap>

    <select id="findConfigByOperatorId" resultType="com.project.entity.OperatorConfig">
        select oc.*  from operatorConfig oc where oc.operatorId = #{operatorId} and departmentId = #{departmentId}
    </select>

    <update id="updateOperatorConfig" parameterType="com.project.entity.OperatorConfig">
        UPDATE operatorconfig SET updateDate = #{updateDate} ,operatorId = #{operatorId},messageConfig = #{messageConfig},groupConfig = #{groupConfig},departmentId = #{departmentId}
    </update>

    <delete id="deleteByOptIdAndEmpId">
        DELETE from operatorconfig where operatorId = #{operatorId} and departmentId = #{departmentId}
    </delete>

    <insert id="insertOperatorConfig" parameterType="com.project.entity.OperatorConfig"
    useGeneratedKeys="true">
        INSERT INTO operatorConfig (createDate,operatorId,groupConfig,messageConfig,departmentId)
        VALUES (#{createDate},#{operatorId},#{groupConfig},#{messageConfig},#{departmentId})
    </insert>

    <!--查询个人配置：某个人、某个部门-->
    <select id="selectOperatorConfigByDepAndEmp" resultMap="operatorConfig">
        SELECT  oc.*,o.* from operator o,operatorConfig oc where o.id = oc.operatorId and o.empId in (
        select ed.employeeId from empanddept ed where ed.departmentId = #{id}
        )
    </select>

</mapper>