<!DOCTYPE mapper
        PUBLIC "-//mybatis.org//DTD Mapper 3.0//EN"
        "http://mybatis.org/dtd/mybatis-3-mapper.dtd">

<mapper namespace="com.project.dao.message.mapper.MessageMapper">
    <resultMap type="com.project.entity.message.Message" id="usermap">
        <id column="id" property="id"/>
        <result column="name" property="name"/>
        <result column="dept" property="dept"/>
        <result column="website" property="website"/>
        <result column="attachementCode" property="attachementCode"/>
    </resultMap>

    <insert id="insertMessage" useGeneratedKeys="true" keyProperty="id" >
        insert into auth_message (id,createDate,updateDate,authCode,setSubject,email,message,type,departmentId,creatorId) values (
        #{id},#{createDate}, #{updateDate},  #{authCode}, #{setSubject}, #{email}, #{message}, #{type},#{departmentId},#{creatorId}
        )
    </insert>

<!--根据邮箱与authcode查找东西-->
    <select id="findAuthCodeByEmail" resultType="com.project.entity.message.Message">
        SELECT *,max(createDate ) from auth_message am where am.email = #{email} and am.authCode = #{authCode}
    </select>

    <resultMap id="personMap" type="com.project.entity.message.MessageWork">
        <id column="id" property="id"></id>
        <result column="titile" property="titile"></result>
        <result column="content" property="content"></result>
        <result column="type" property="type"></result>
        <result column="status" property="status"></result>
        <result column="creatorId" property="creatorId"></result>
        <result column="uploadPath" property="uploadPath"></result>
        <result column="resultPath" property="resultPath"></result>
        <result column="departmentId" property="departmentId"></result>
        <result column="endTime" property="endTime"></result>
        <collection property="attachmentList" ofType="com.project.entity.message.Attachment" column="attachments">
            <id property="id" column="id"/>
            <result property="attachmentName" column="attachmentName"/>
            <result property="attachmentId" column="attachmentId"/>
            <result property="attachmentGroupId" column="attachmentGroupId"/>
            <result property="attachmentType" column="attachmentType"/>
            <result property="path" column="path"/>
        </collection>
    </resultMap>

    <!--除了验证码的，还有教师发布作业的消息-->
    <select id="findAllMessage" resultMap="personMap">
        SELECT m.* from message m where m.type = #{type}
        and m.creatorId = #{operatorId} and m.departmentId = #{departmentId}
        ORDER BY m.createDate DESC
        <if test="currentPage != null and pageNo != null">
            LIMIT #{currentPage},#{pageNo}
        </if>
    </select>

    <!--教师发布作业-->
    <insert id="publishWork" parameterType="com.project.entity.message.MessageWork" useGeneratedKeys="true">
        INSERT INTO  message(createDate,updateDate,attachementCode,titile,content,type,status,creatorId,uploadPath,resultPath,endTime,departmentId)
         VALUES (#{createDate},#{updateDate},#{attachementCode},#{titile},#{content},#{type},#{status},#{creatorId},#{uploadPath},#{resultPath},#{endTime},#{departmentId})
    </insert>

    <select id="findMessageWorkById" resultType="com.project.entity.message.MessageWork">
        SELECT * from message where id = #{messageId}
    </select>

    <!--修改记录-->
    <update id="updateMessageWork" parameterType="com.project.entity.message.MessageWork">
        UPDATE message set type = #{type} where id = #{id}
    </update>

    <!--查找与某个人相关的消息，属于某个人班级所在或者某个人创建-->

    <select id="selectMessageForWelcome" resultMap="personMap">
        SELECT * from message m1 where m1.departmentId in (
        <foreach collection="departmentIds" item="departmentId" index="index" separator=",">
            #{departmentId}
        </foreach>
        )

        ORDER by m1.createDate DESC

        <if test="currentPage != null and pageNo != null">
            LIMIT #{currentPage},#{pageNo}
        </if>

    </select>


    <!--查询已提交的人-->
    <select id="selectSubmited" resultType="java.lang.Integer" parameterType="com.alibaba.fastjson.JSONObject">
        SELECT count(* )from (SELECT DISTINCT(ws.submiter) FROM workscore ws where ws.workmessageId = #{messageId} ) temp
    </select>

    <select id="selectunSubmited" resultType="java.lang.Integer" parameterType="com.alibaba.fastjson.JSONObject">
        SELECT count(o.id) as unsubmiter from
         operator o,
         empanddept ed where
          ed.employeeId = o.empId
          and ed.departmentId = #{departmentId}
          and o.id not in
          (SELECT * from (SELECT DISTINCT(ws.submiter) FROM workscore ws where ws.workmessageId = #{messageId} )temp)
    </select>

    <!--查找近三次的作业情况-->
    <select id="findCLearlyMessage" resultMap="personMap">
          SELECT * from message m where m.type = 'publish' and m.creatorId = #{operatorId}
          ORDER BY  m.createDate DESC
          limit 0,3
    </select>

    <!--查询一个学生的所有完成提交的messageId-->
    <select id="selectFinished" resultType="java.lang.Integer">
        select DISTINCT (m.workMessageId) from workscore m where m.submiter = #{operatorId}
    </select>


    <!--查找所有的通过邮件发送的消息，主要是成员变动-->
    <select id="findSendMessage" resultType="com.project.entity.message.Message">
        SELECT  * from message m where m.departmentId = #{departmentId}
    </select>

    <!--查询列表-->
    <select id="findSendMessageGrid" resultType="com.project.entity.message.MessageWork">
        SELECT  * from message m where 1 = 1
        <if test="operator != null">
          and  m.createrId = #{operatorId}
        </if>

        <if test="type != null">
           and m.type = #{type}
        </if>

        <if test="deptIds != null and deptIds.length > 0">
          and  m.departmentId in (
              <foreach collection="deptIds" index="index" item="deptId" separator=",">
                 #{deptId}
              </foreach>
            )
        </if>

        <if test="currentPage != null and pageNo != null">
            LIMIT #{currentPage},#{pageNo}
        </if>

    </select>

</mapper>