<!DOCTYPE mapper
        PUBLIC "-//mybatis.org//DTD Mapper 3.0//EN"
        "http://mybatis.org/dtd/mybatis-3-mapper.dtd">

<mapper namespace="com.project.dao.message.mapper.PersonalMessageMapper">
    <resultMap type="com.project.entity.message.PersonMessage" id="personMessage">
        <id column="id" property="id"/>
        <result column="content" property="content"/>
        <result column="title" property="title"/>
        <result column="endTime" property="endTime"/>
        <association property="sendOperator" javaType="com.project.entity.permission.Operator">
        <id column="id" property="id"></id>
            <result column="userName" property="userName"></result>
        </association>
        <association property="department" javaType="com.project.entity.organization.Department">
            <id column="id" property="id"></id>
            <result column="deptName" property="deptName"></result>
        </association>
    </resultMap>

    <resultMap id="attachmentlist" type="com.project.entity.message.Attachment">
        <id property="id" column="id"></id>
    </resultMap>

    <insert id="insertNewPersonMessage" useGeneratedKeys="true" parameterType="com.project.entity.message.PersonMessage">
        INSERT  INTO personmessage (createDate,title,content,attachmentCode,uploadPath,resultPath,endTime)
        VALUES (#{createDate},#{title},#{content},#{attachmentCode},#{uploadPath},#{resultPath},#{endTime})
    </insert>

    <!--在这里处理附件信息-->
    <insert id="insertAttachment" useGeneratedKeys="true" parameterType="com.project.entity.message.Attachment">
        INSERT  INTO  attachment (attachmentCode,attachmentId,attachmentName,createDate,updateDate,attachmentGroupId,attachmentType,path)
        VALUES (#{attachementCode},#{attachmentId},#{attachmentName},#{createDate},#{updateDate},#{attachmentGroupId},#{attachmentType},#{path})
    </insert>

    <!--查找需要发送的所有人的邮件-->
    <select id="searchAllEmail">
  SELECT GROUP_CONCAT(e.email) from empanddept ed,employee e where ed.employeeId = e.id
and ed.departmentId = #{departmentId}
</select>

    <select id="findAttachementByCode" resultMap="attachmentlist">
        SELECT  * from attachment a where  1 =  and a.attachmentId = #{attachmentCode} or a.attachmentGroupId = #{attachmentCode}
    </select>



</mapper>