<!DOCTYPE mapper
        PUBLIC "-//mybatis.org//DTD Mapper 3.0//EN"
        "http://mybatis.org/dtd/mybatis-3-mapper.dtd">

<mapper namespace="com.project.dao.message.mapper.workScore">
    <!--学生提交作业的记录-->

    <resultMap type="com.project.entity.message.WorkScore" id="score">
      <id property="id" column="id"></id>
    </resultMap>

    <insert id="insertScore" parameterType="com.project.entity.message.WorkScore" useGeneratedKeys="true">
        insert into workscore (createDate,updateDate,submiter,workmessageId,attachmentCode,status,score,comment) values (
        #{createDate}, #{updateDate},#{submiter},#{workMessageId},#{attachementCode},#{status},#{score},#{comment}
        )
    </insert>

    <update id="updateScore" parameterType="com.project.entity.message.WorkScore">
        UPDATE workscore set createDate = #{createDate},updateDate = #{updateDate},submiter = #{updateDate},workmessageId = #{workmessageId},attachmentCode = #{attachmentCode},status =#{status},score = #{status},comment= #{comment}
        where id = #{id}
    </update>

    <select id="findScoreByWorkMessageId" resultMap="score">
        SELECT * from workscore ws where ws.workmessageId = #{workmessageId} and ws.submiter = #{currentOpt}
        ORDER BY ws.createDate DESC
    </select>

    <!--统计一次作业的提交情况-->
    <select id="countScoresByMessageId" resultType="java.lang.Integer">
        SELECT  DISTINCT(ws.submiter) FROM workscore ws where ws.workmessageId = #{messageId}
    </select>
</mapper>