<!DOCTYPE mapper
        PUBLIC "-//mybatis.org//DTD Mapper 3.0//EN"
        "http://mybatis.org/dtd/mybatis-3-mapper.dtd">

<mapper namespace="test">
    <resultMap type="com.project.entity.organization.Employee" id="usermap">
        <id column="id" property="id"/>
        <result column="name" property="name"/>
        <result column="email" property="email"/>
        <result column="dept" property="dept"/>
        <result column="website" property="website"/>
        <association property="organization" javaType="com.project.entity.organization.Organization">
            <id column="orgId" property="id"></id>
        </association>

        <association property="department" javaType="com.project.entity.organization.Department">
            <id column="departId" property="id"></id>
        </association>
    </resultMap>

    <select id="findUserById" resultType="com.project.entity.organization.Employee">
        SELECT  e.* from employee e where 1=1 and e.id = #{employeeId}
    </select>

    <select id="selectAnEmployeeByUUId" parameterType="String" resultType="com.project.entity.organization.Employee">
       select * from employee where uuid = #{uuid}
    </select>
    <select id="selectAnEmployeeByEmail" parameterType="String" resultType="com.project.entity.organization.Employee">
       select * from employee where email = #{email}
    </select>

    <insert id="saveEmployee" parameterType="com.project.entity.organization.Employee" useGeneratedKeys="true" keyProperty="id" >
        INSERT  INTO employee (id,createDate,code,name,website,phone,email,uuid,address,aliasName,orgId,departId)
        VALUES (#{id},#{createDate},#{code},#{name},#{website},#{phone},#{email},#{uuid},#{address},#{aliasName},#{orgId},#{departId})
    </insert>

    <update id="updateEmployee" parameterType="com.project.entity.organization.Employee">
        update employee set updateDate = #{updateDate},name = #{name},schoolName = #{schoolName} ,aliasName = #{aliasName} where id = #{id}
    </update>

    <!--查询一个班级下的所有成员-->
    <select id="selectAllEmployeeByDept" resultMap="usermap">
          SELECT e.* from employee e,empanddept ed where e.id = ed.employeeId
and ed.departmentId = #{departmentId}
    </select>

</mapper>