<?xml version="1.0" encoding="UTF-8" ?>
<!DOCTYPE configuration
        PUBLIC "-//mybatis.org//DTD Config 3.0//EN"
        "http://mybatis.org/dtd/mybatis-3-config.dtd">
<!--jdbc连接-->

<configuration>
    <environments default="development">
        <environment id="development">
            <transactionManager type="JDBC"/>
            <dataSource type="POOLED">
                <property name="driver" value="com.mysql.jdbc.Driver"/>
                <property name="url" value="jdbc:mysql://127.0.0.1:3306/workdes?characterEncoding=UTF-8"/>
                <property name="username" value="root"/>
                <property name="password" value="root"/>
            </dataSource>
        </environment>
    </environments>
    <mappers>
        <mapper resource="EmployeeMapper.xml"/>
        <mapper resource="organization/DepartmentMapper.xml"/>
        <mapper resource="message/messageMapper.xml"/>
        <mapper resource="message/personMessageMapper.xml"/>
        <mapper resource="message/workScoreMapper.xml"/>
        <mapper resource="permission/OperatorMapper.xml"/>
        <mapper resource="permission/RoleMapper.xml"/>
        <mapper resource="permission/ModuleMapper.xml"/>
        <mapper resource="permission/PermissionMapper.xml"/>
        <mapper resource="operator/OperatorConfigMapper.xml"/>
        <mapper resource="ViewMappers.xml"/>
    </mappers>
</configuration>