<!DOCTYPE mapper
        PUBLIC "-//mybatis.org//DTD Mapper 3.0//EN"
        "http://mybatis.org/dtd/mybatis-3-mapper.dtd">

<mapper namespace="view">
    <select id="findMessageMap" resultType="com.project.entity.MessageView">
      SELECT * from message_view mv where 1=1
      <if test="type != null">
          and mv.type = #{type}
      </if>
        <if test="departmentIds == null">
            and 1 != 1
        </if>
       <if test="departmentIds != null">
           and departmentId in (
           <foreach collection="departmentIds" item="departmentId" index="index" separator=",">
               #{departmentId}
           </foreach>
           )
       </if>

        <if test="creators != null">
            and departmentId in (
            <foreach collection="creators" item="creatorId" index="index" separator=",">
                #{creatorId}
            </foreach>
            )
        </if>

        ORDER  by mv.createDate desc
        <if test="currentPage != null and pageNo != null">
            limit #{currentPage},#{pageNo}
        </if>

    </select>
</mapper>