<!DOCTYPE mapper
        PUBLIC "-//mybatis.org//DTD Mapper 3.0//EN"
        "http://mybatis.org/dtd/mybatis-3-mapper.dtd">

<mapper namespace="dept">

    <resultMap type="com.project.entity.organization.Department" id="getDepartmentMap">
        <id column="id" property="id"></id>
        <result column="deptName" property="deptName"/>
        <result column="code" property="deptCode"/>
        <result column="depPhoneNum" property="depPhoneNum"/>
        <result column="createDate" property="createDate"/>
        <result column="applyCode" property="applyCode"/>
        <result column="employeeId" property="employeeId"/>
        <result column="orgName" property="orgName"/>
        <association property="orgId" javaType="com.project.entity.organization.Organization">
            <id column="id" property="id"/>
            <result column="organizationName" property="organizationName"/>
            <result column="code" property="organizationCode"/>
            <result column="phone" property="orgPhoneNum"/>
            <result column="createDate" property="createDate"/>
        </association>
        <association property="principal" javaType="com.project.entity.organization.Employee">
            <id column="id" property="id"/>
            <result column="name" property="name"/>
            <result column="createDate" property="createDate"/>
            <result column="updateDate" property="updateDate"/>
            <result column="phone" property="phone"/>
            <result column="email" property="email"/>
            <result column="attachementCode" property="attachmenCode"/>
        </association>
    </resultMap>
<!--获取的班级集合为：负责人的查询-->
    <select id="getDepartments" resultMap="getDepartmentMap">
        select * from department d,organization o,employee e where 1=1 and d.employeeId = e.id
        and d.orgId = o.id and e.id = #{employeeId}
        <if test="currentPage != null and pageNo != null">
            LIMIT #{currentPage},#{pageNo}
        </if>
    </select>
<!--获取的班级集合为：加入的查询-->
    <select id="getDepartmentsJoined" resultMap="getDepartmentMap">
        select d.*,o.*,e.* from department d,organization o,employee e,empanddept ed
        where 1=1 and d.employeeId = e.id and d.orgId = o.id
        and ed.departmentId = d.id and ed.employeeId = #{employeeId}
        <if test="currentPage != null and pageNo != null">
            LIMIT #{currentPage},#{pageNo}
        </if>
    </select>

    <select id="getDepartmentById" parameterType="int" resultMap="getDepartmentMap">
        SELECT  d.*,o.* ,e.* from department d,organization o ,employee e  where d.orgId = o.id and e.id = d.employeeId and o.employeeId = e.id and d.id = #{id}
    </select>

    <insert id="insertNewDepartment" parameterType="com.project.entity.organization.Department" useGeneratedKeys="true">
        insert into department ( createDate,updateDate,code,deptName, employeeId,depPhoneNum,applyCode,type,orgName,orgid) values (
        #{createDate},#{updateDate} ,#{code},#{deptName},#{employeeId}, #{depPhoneNum}, #{applyCode},#{type},#{orgName},#{orgpId}
        )
    </insert>

    <delete id="deleteDepartmentById">
        DELETE FROM  department where id = #{id}
    </delete>

    <!--通过邀请码加入班级-->
    <!--1.通过邀请码查询班级-->
    <select id="selectClassByApplyCode" resultMap="getDepartmentMap">
        SELECT * from department where 1=1 and applyCode = #{applyCode}
    </select>
    <!--2.插入人员与班级的中间表记录-->
    <insert id="insertEmpAndDept" useGeneratedKeys="true">
        INSERT INTO  empanddept(employeeId,departmentId)
        VALUES (#{employeeId} ,#{departmentId})
    </insert>
    <!--3.离开班级-->
    <delete id="delteEmpAndDept">
        DELETE FROM empanddept where employeeId = #{employeeId} and departmentId = #{departmentId}
    </delete>

    <!--4.防止重复加入，查询已加入班级-->
    <select id="selectRecoverJoin" resultType="map">
        SELECT * from empanddept where 1=1 and employeeId = #{employeeId} and departmentId = #{departmentId}
    </select>
</mapper>