<!DOCTYPE mapper
        PUBLIC "-//mybatis.org//DTD Mapper 3.0//EN"
        "http://mybatis.org/dtd/mybatis-3-mapper.dtd">

<mapper namespace="org">

    <resultMap type="com.project.entity.organization.Organization" id="getOrganizationMap">
        <id column="id" property="id"></id>
        <result column="organizationName" property="organizationName"/>
        <collection property="departments" ofType="com.project.entity.organization.Department">
            <id column="id" property="id"></id>
            <result column="deptName" property="deptName"></result>
        </collection>
    </resultMap>

    <select id="getDepartments" resultMap="deptMap">
        select * from department
    </select>

    <select id="getDepartmentById" parameterType="int" resultType="com.project.entity.organization.Department">
        SELECT  * from department where id = #{id}
    </select>

    <insert id="insert">
        insert into users (id, name, dept, website) values (
        #{id}, #{name}, #{dept}, #{website}
        )
    </insert>

</mapper>