<!DOCTYPE mapper
        PUBLIC "-//mybatis.org//DTD Mapper 3.0//EN"
        "http://mybatis.org/dtd/mybatis-3-mapper.dtd">

<mapper namespace="com.project.entity.permission.Module" >
    <insert id="saveModule" parameterType="com.project.entity.permission.Module" useGeneratedKeys="true" keyProperty="id">
       INSERT INTO MODULE (id,createDate,updateDate,moduleCode,parentModuleId,moduleName,hasParentModule,isUsed,isSystemModule,icon,ModuleRoute)
       VALUES (#{id},#{createDate},#{updateDate},#{moduleCode},#{parentModuleId},#{moduleName},#{hasParentModule},#{isUsed},#{isSystemModule},#{icon},#{ModuleRoute})
    </insert>

    <update id="updateAModule" parameterType="com.alibaba.fastjson.JSONObject">
        update module set updateDate = #{updateDate},moduleCode = #{moduleCode},parentModuleId = #{parentModuleId},moduleName = #{moduleName},isUsed = #{isUsed},isSystemModule = #{isSystemModule},icon = #{icon},moduleRoute = #{ModuleRoute}
        where id = #{id}
    </update>

    <select id="findModules" resultType="List">
        SELECT * from module where 1=1
        <if test="startPage != null and endPage != null">
            limit #{startPage},#{endPage}
        </if>
    </select>

    <select id="findModuleById" parameterType="String" resultType="com.project.entity.permission.Module">
            SELECT * from MODULE  where id = #{moduleId}
    </select>

    <select id="findModuleCodeMax" resultType="Integer">
        SELECT max(CAST(m.moduleCode AS SIGNED)) as maxCode from module m;
    </select>

    <resultMap id="moduleList" type="com.project.entity.permission.Module">
        <result property="id" column="id"/>
        <result property="moduleName" column="moduleName"/>
        <result property="parentModuleId" column="parentModuleId"/>
    </resultMap>

    <select id="findModulesByParentModuleId" parameterType="Integer" resultMap="moduleList">
        SELECT DISTINCT (module.id)as mid,module.* from module ,moduleandpermission,roleandpermission,operatorandrole where
        moduleandpermission.moduleId = module.id AND
        moduleandpermission.permissionId = roleandpermission.permissionId AND
        roleandpermission.roleId = operatorandrole.roleId
        <choose>
            <when test="parentModuleId != null and parentModuleId != 0">
                and parentModuleId = #{parentModuleId}
            </when>
            <when test="operatorId != null and operatorId != 0">
                and operatorandrole.operatorId = #{operatorId}
            </when>
            <when test="parentModuleId == null or parentModuleId == 0">
                and isSystemModule LIKE 'true'
            </when>

            <otherwise>
                and 1=1
            </otherwise>
        </choose>

    </select>

    <resultMap id="moduleListGrid" type="com.project.entity.permission.Module">
        <result property="id" column="id"/>
        <result property="moduleName" column="moduleName"/>
        <result property="parentModuleId" column="parentModuleId"/>
    </resultMap>

    <select id="findModuleList" resultMap="moduleListGrid">
        SELECT * from module where 1 = 1
        <if test="currentPage != null and pageNo != null">
            LIMIT #{currentPage},#{pageNo}
        </if>
    </select>


    <!--通过模块名称查询权限-->
    <select id="selectModulesByName" resultMap="moduleList">
        select * from module m where m.moduleName like CONCAT('%', #{name}, '%')
        <if test="moduleId != null">
            AND m.id not in (#{moduleId}) and m.isSystemModule = TRUE
        </if>
    </select>

    <!--通过权限id查找-->
    <select id="selectModulesByPermissionId" resultMap="moduleList">
        SELECT m.* from module m,moduleandpermission mp
WHERE m.id = mp.moduleId and mp.permissionId = #{permissionId}
    </select>

    <delete id="deleteAModule" parameterType="com.project.entity.permission.Module">
        DELETE  from module where id = #{id}
    </delete>
</mapper>