<!DOCTYPE mapper
        PUBLIC "-//mybatis.org//DTD Mapper 3.0//EN"
        "http://mybatis.org/dtd/mybatis-3-mapper.dtd">

<mapper namespace="com.project.dao.permission.mapper.OperatorMapper" >

    <resultMap id="operatorMap" type="com.project.entity.permission.Operator">
        <id column="id" property="id"></id>
        <result column="username" property="username"></result>
        <result column="password" property="password"></result>
        <association property="employee" javaType="com.project.entity.organization.Employee">
            <id column="empId" property="id"></id>
            <result column="name" property="name"></result>
            <result column="email" property="email"></result>
            <result column="createDate" property="createDate"></result>
            <result column="updateDate" property="updateDate"></result>
            <result column="uuid" property="uuid"></result>
            <association property="department" javaType="com.project.entity.organization.Department">
                <id column="id" property="id"></id>
                <result column="deptCode" property="deptCode"></result>
                <result column="orgName" property="orgName"></result>
                <result column="depPhoneNum" property="depPhoneNum"></result>
                <result column="deptName" property="deptName"></result>
            </association>
        </association>
    </resultMap>

    <resultMap id="safeOperatorMap" type="com.project.entity.permission.Operator">
        <id column="id" property="id"></id>
        <result column="username" property="username"></result>
        <result column="empId" property="empId"></result>
        <result column="appId" property="appId"></result>
        <result column="createDate" property="createDate"></result>
        <result column="updateDate" property="updateDate"></result>
        <association property="employee" javaType="com.project.entity.organization.Employee">
            <id column="empId" property="id"></id>
            <result column="name" property="name"></result>
            <result column="email" property="email"></result>
            <result column="createDate" property="createDate"></result>
            <result column="updateDate" property="updateDate"></result>
            <result column="uuid" property="uuid"></result>
            <result column="aliasName" property="aliasName"></result>
            <result column="schoolName" property="schoolName"></result>
            <association property="department" javaType="com.project.entity.organization.Department">
                <id column="id" property="id"></id>
                <result column="deptCode" property="deptCode"></result>
                <result column="orgName" property="orgName"></result>
                <result column="depPhoneNum" property="depPhoneNum"></result>
                <result column="deptName" property="deptName"></result>
            </association>
        </association>
    </resultMap>
    <select id="selectByEmployeeId" parameterType="int" resultType="com.project.entity.permission.Operator">
        SELECT * from operator where empId = #{empId}
    </select>

    <select id="findOperatorByUserName" parameterType="String" resultMap="operatorMap">
        SELECT o.*,e.id as empId,e.* from operator o,employee e where o.username = #{username} and o.empId = e.id
    </select>

    <select id="findOperatorByEmployeeId" resultMap="operatorMap">
        SELECT o.*,e.id as empId,e.* from operator o,employee e where o.empId = #{employeeId} and o.empId = e.id
    </select>

    <insert id="saveOperator" parameterType="com.project.entity.permission.Operator" useGeneratedKeys="true" keyProperty="id">
        INSERT  INTO operator (id,username,password,empId,code,appId,attachmentId,attachementCode,createDate) VALUES
        (#{id},#{username},#{password},#{empId},#{code},#{appId},#{attachmentId},#{attachementCode},#{createDate})
    </insert>

    <select id="validateOperator" resultMap="operatorMap">
        SELECT * from operator o,employee e where o.username = #{username} and o.empId = e.id
    </select>

    <select id="findOperatorList" resultMap="safeOperatorMap">
        SELECT * from operator o,employee e where 1=1 and o.empId = e.id
        <if test="currentPage != null and pageNo != null">
            LIMIT #{currentPage},#{pageNo}
        </if>
    </select>

    <update id="updateOperator">
        UPDATE operator o set o.password = #{password},updateDate = #{updateDate} where
        o.id = #{id}
    </update>


    <select id="findOperatorByEmployeeIds" resultMap="operatorMap">
        SELECT o.*,e.id as empId,e.* from operator o,employee e where 1=1 <if test="empIds != null">
      and  e.id in (<foreach collection="empIds" index="index" item="empId" separator=",">
        #{empId}
        </foreach>
        )
    </if> and o.empId = e.id
    </select>
</mapper>