<!DOCTYPE mapper
        PUBLIC "-//mybatis.org//DTD Mapper 3.0//EN"
        "http://mybatis.org/dtd/mybatis-3-mapper.dtd">
<mapper namespace="permission">
    <resultMap id="permissionList" type="com.project.entity.permission.Permission">
        <result property="id" column="id"></result>
    </resultMap>

    <insert id="savePermission" parameterType="com.project.entity.permission.Permission" useGeneratedKeys="true">
INSERT INTO permission (createDate,updateDate,name,code)
  VALUES (#{createDate},#{updateDate},#{name},#{code})
    </insert>

    <update id="updatePermission" parameterType="com.project.entity.permission.Permission">
UPDATE permission SET createDate = #{createDate},updateDate = #{updateDate},name = #{name},code = #{code}
where id = #{id}
    </update>

    <select id="findPermissionList" resultMap="permissionList">
        SELECT * from permission where 1 = 1
        <if test="currentPage != null and pageNo != null">
            LIMIT #{currentPage},#{pageNo}
        </if>
    </select>

    <select id="findPermissionById" resultType="com.project.entity.permission.Permission">
        SELECT * from permission p where 1=1 and
        p.id = #{permissionId}
    </select>

    <select id="findPermissionByCode" resultType="com.project.entity.permission.Permission">
        SELECT * from permission p where 1=1 and
        p.code = #{code}
    </select>

    <!--删除权限点-->
    <delete id="deletePermissionById">
        DELETE from permission where id = #{permissionId}
    </delete>
<!--删除中间表记录-->

    <!--查询某个角色已经被分配了的权限-->
    <select id="selectByRoleId" resultMap="permissionList">
        SELECT * from permission p where p.id in
        (
		SELECT rp.permissionId from roleandpermission rp where roleid = #{roleId}
        )
    </select>
<!--未分配-->
    <select id="noSelectedByRoleId" resultMap="permissionList" >
        SELECT * from permission p where p.id not in
        (
        <foreach collection="permissionIds" item="permissionId" index="index" separator="," >
            #{permissionId}
        </foreach>
        )
    </select>

    <!--添加一条记录-->
    <insert id="distributePermission" useGeneratedKeys="true">
        INSERT  INTO  roleandpermission( createDate,updateDate,roleId,permissionId)
        VALUES (#{createDate},#{updateDate},#{roleId},#{permissionId})
    </insert>
    <!--删除一条记录-->
    <delete id="deleteDistributePermission">
        DELETE from roleandpermission where roleId = #{roleId}
    </delete>
    <!--更新一条记录-->
    <update id="updateDistributePermission">
        UPDATE roleandpermission set updateDate = #{updateDate},set roleId = #{roleId},set permissionId = #{permissionId}
    </update>

    <!--插入模块时又可能会将其用模块加入-->

    <insert id="insertPermissionAndModule" useGeneratedKeys="true">
        INSERT into moduleandpermission (createDate,moduleId,permissionId)
        VALUES (#{createDate},#{moduleId},#{permissionId})
    </insert>

    <update id="updatePermissionAndModule">
         update moduleandpermission set moduleId = #{moduleId}, updateDate = #{updateDate}
        WHERE 1=1 and permissionId = #{permissionId}
    </update>

    <select id="selectPermissionAndModule" parameterType="map" resultType="map">
        select * from moduleandpermission WHERE 1=1 and permissionId = #{permissionId}
    </select>

</mapper>