<!DOCTYPE mapper
        PUBLIC "-//mybatis.org//DTD Mapper 3.0//EN"
        "http://mybatis.org/dtd/mybatis-3-mapper.dtd">

<mapper namespace="com.project.dao.permission.mapper.RoleMapper" >
    <insert id="distributePermissionForRole" parameterType="com.project.entity.permission.RoleAndPermission" useGeneratedKeys="true" keyProperty="id">
        INSERT  INTO roleandpermission (id,roleId,permissionid,createDate)
        VALUES (#{id},#{roleId},#{permissionid},#{createDate})
    </insert>

    <insert id="distributeRoleForOperator" parameterType="com.project.entity.permission.OperatorAndRole" useGeneratedKeys="true" keyProperty="id">
        INSERT  INTO operatorandrole (id,roleId,operatorId,createDate)
        VALUES (#{id},#{roleId},#{operatorId},#{createDate})
    </insert>

    <resultMap id="roleList" type="com.project.entity.permission.Role">
        <result property="id" column="id"></result>
    </resultMap>

    <select id="findRoleList" resultMap="roleList">
        SELECT * from role where 1 = 1
        <if test="currentPage != null and pageNo != null">
            LIMIT #{currentPage},#{pageNo}
        </if>
    </select>

<!--插入一条新纪录-->
    <insert id="insertRole" parameterType="com.project.entity.permission.Role"
    useGeneratedKeys="true">
  INSERT INTO Role (createDate,updateDate,name,code)
  VALUES (#{createDate},#{updateDate},#{name},#{code})
    </insert>

    <!--删除一条数据-->
    <delete id="delteById">
        DELETE from Role where id = #{id}
    </delete>

    <select id="findRoleById" resultType="com.project.entity.permission.Role">
        SELECT  * from role where id = #{id}
    </select>

    <select id="findRoleByOperatorId" resultType="com.project.entity.permission.Role">
            SELECT r.* from role r ,operatorandrole ors where 1=1 and r.id = ors.roleId
            and ors.operatorId = #{operatorId}
    </select>

    <update
            id="updateRole"
            parameterType="com.project.entity.permission.Role"
            flushCache="true">
  update Role set name = #{name}, code = #{code}, updateDate = #{updateDate} where id = #{id}
    </update>

</mapper>